001,解放
003,前进
005,建设
006,KD7
055,蓝箭控车
081,东风21
101,东风
102,东风2
103,东风3
104,东风4
105,东风4客
106,东风4C
107,东风5
108,东风5宽
109,东风6
110,东风7
111,东风8
112,东风9
113,东风10
114,东方红1
115,东方红2
116,东方红3
117,东方红5
118,北京
119,北京宽
120,ND2
121,ND3
122,ND4
123,ND5
124,NY5
125,NY6
126,NY7
127,轻油
128,东方红21
129,东风7B
130,东风5S
131,东风7C
132,东风7S
133,工矿1
134,工矿1F
135,东风4E
136,东风7D
137,工矿1A
138,东风11
139,天安
140,东风10F
141,东风4D
142,东风8B
143,东风12
144,东风7E
145,NYJ1
146,NZJ1
147,NZJ2
148,东风4DJ
149,新曙光
150,神州
151,NJ2
152,东风7G
153,NDJ3
156,东风11Z
157,FXN3D
158,东风11G
160,HXN3
161,HXN5
162,HXN3B
163,HXN5B
167,FXN3B
169,FXN3C
170,FXN5C
171,FXN3-J
201,8G
202,8K
203,6G
204,6K
205,韶山1
206,韶山3
207,韶山4
208,韶山5
209,韶山6
210,韶山3B
211,韶山7
212,韶山8
213,韶山7B
214,韶山7C
215,韶山6B
216,韶山9
217,韶山7D
218,DJ熊猫
219,DJ1
220,DJ2
221,DJF
222,蓝箭动车
223,先锋号
224,韶山7E
225,韶山4G
226,韶山3C
228,天梭
229,DJ4和谐
230,KTT
231,HXD1
232,HXD2
233,HXD3
234,HXD1B
235,HXD2B
236,HXD3B
237,HXD1C
238,HXD2C
239,HXD3C
240,HXD1D
241,HXD2D
242,HXD3D
243,FXD1B
244,FXD2B
245,FXD1
246,FXD3
247,FXD1-J
248,FXD3-J
249,KZ25TA
251,KZ25TB
252,HXD1D-J
254,FXD1H
263,FXD1BA
300,雪域神州
301,CRH1
302,CRH2
303,CRH3
305,CRH5
306,CRH380A
307,CRH380B
3073,CRH380BL
3075,CRH380BG
308,CRH380C
309,CRH380D
310,CRH6A
311,CR400AF
3111,CR400AF-Z
3112,CR400AF-S
312,CR400BF
3125,CR400BF-G
313,CR300AF
314,CR300BF
315,CRH2E
316,CRH6F
330,CJ1
331,CJ2
332,CJ3
333,CJ4
334,CJ5
335,CJ6
400,GCD-1000J
403,GX-160
422,GTC-80IIJ